"country","year","iso3c","population_growth","gni_per_capita","fertility_rate","old_age_dependency","female_lfpr","life_expectancy_at_birth_2023","SIGI_2023","new_mothers_cash_benefit_perc_2015-2023","education_female","financial_inclusion_female","unpaid_work_share_female","labour_part_female","mat_leave_14weeks","mat_leave_length","pat_leave_available","pat_leave_length","parental_leave"
"Norway",2015,"NOR",0.995084736958414,93440,1.72,24.7546547225283,62.684,83.3078,6.7,100,78,100,NA,62,1,0,1,0,"Yes"
"Norway",2016,"NOR",0.880969815359919,81870,1.71,25.1750035450575,62.539,83.3078,6.7,100,78,100,NA,62,1,0,1,0,"Yes"
"Norway",2017,"NOR",0.807673181884948,76230,1.62,25.6448861744119,61.883,83.3078,6.7,100,78,100,NA,62,1,0,1,0,"Yes"
"Norway",2018,"NOR",0.660090844249,80970,1.56,26.174151337689,61.842,83.3078,6.7,100,78,100,NA,62,1,0,1,0,"Yes"
"Norway",2019,"NOR",0.675061373245644,82430,1.53,26.6925311275947,62,83.3078,6.7,100,78,100,NA,62,1,0,1,0,"Yes"
"Norway",2020,"NOR",0.588757324043059,78610,1.48,27.2486384723804,62.007,83.3078,6.7,100,78,100,NA,62,1,0,1,0,"Yes"
"Norway",2021,"NOR",0.534772281874925,81770,1.55,27.8329580040245,61.663,83.3078,6.7,100,78,100,NA,62,1,0,1,0,"Yes"
"Norway",2022,"NOR",0.898395220610608,94290,1.41,28.2507532929826,61.596,83.3078,6.7,100,78,100,NA,62,1,0,1,0,"Yes"
"Norway",2023,"NOR",1.13818460655469,103170,1.4,28.5314380668326,61.765,83.3078,6.7,100,78,100,NA,62,1,0,1,0,"Yes"
"Switzerland",2015,"CHE",1.13833715247736,86810,1.54,26.600375792311,62.36,83.9536,9.9,100,81,99,17,63,1,98,0,0,"No"
"Switzerland",2016,"CHE",1.09203117387253,83360,1.54,26.8890664365194,62.935,83.9536,9.9,100,81,99,17,63,1,98,0,0,"No"
"Switzerland",2017,"CHE",0.933155888738653,80770,1.52,27.2172858671818,62.705,83.9536,9.9,100,81,99,17,63,1,98,0,0,"No"
"Switzerland",2018,"CHE",0.736633975172522,82470,1.52,27.5986069356356,63.007,83.9536,9.9,100,81,99,17,63,1,98,0,0,"No"
"Switzerland",2019,"CHE",0.713313668444329,83160,1.48,27.9908017758454,63.079,83.9536,9.9,100,81,99,17,63,1,98,0,0,"No"
"Switzerland",2020,"CHE",0.730676195047382,81740,1.46,28.3270521862764,62.636,83.9536,9.9,100,81,99,17,63,1,98,0,0,"No"
"Switzerland",2021,"CHE",0.765501039496593,89120,1.52,28.6818891760097,62.33,83.9536,9.9,100,81,99,17,63,1,98,0,0,"No"
"Switzerland",2022,"CHE",0.829927183900371,95600,1.39,29.247291506466,61.495,83.9536,9.9,100,81,99,17,63,1,98,1,14,"No"
"Switzerland",2023,"CHE",1.25678260643691,95750,1.33,29.9970830303786,62.294,83.9536,9.9,100,81,99,17,63,1,98,1,14,"No"
"Luxembourg",2015,"LUX",2.35995118136865,73530,1.47,20.5010534749461,54.247,82.2294,NA,100,75,98,NA,58,1,112,1,2,"Yes"
"Luxembourg",2016,"LUX",2.15531198799205,73730,1.41,20.5205073870163,53.829,82.2294,NA,100,75,98,NA,58,1,112,1,2,"Yes"
"Luxembourg",2017,"LUX",2.43097641776115,75800,1.39,20.5822680372578,54.208,82.2294,NA,100,75,98,NA,58,1,112,1,2,"Yes"
"Luxembourg",2018,"LUX",1.92883751398765,80120,1.38,20.6789276454,54.958,82.2294,NA,100,75,98,NA,58,1,112,1,2,"Yes"
"Luxembourg",2019,"LUX",1.9628449198635,79280,1.34,20.8171874347396,55.055,82.2294,NA,100,75,98,NA,58,1,140,1,14,"Yes"
"Luxembourg",2020,"LUX",1.66635867423273,80090,1.36,21.00396331365,55.927,82.2294,NA,100,75,98,NA,58,1,140,1,14,"Yes"
"Luxembourg",2021,"LUX",1.51834936706612,86850,1.38,21.2192484455258,56.93,82.2294,NA,100,75,98,NA,58,1,140,1,14,"Yes"
"Luxembourg",2022,"LUX",2.01666790212729,84200,1.31,21.4241669447754,56.998,82.2294,NA,100,75,98,NA,58,1,140,1,14,"Yes"
"Luxembourg",2023,"LUX",2.02002574712319,89650,1.25,21.8695758902872,57.213,82.2294,NA,100,75,98,NA,58,1,140,1,14,"Yes"
"Iceland",2015,"ISL",1.04194038662969,52790,1.8,20.6860455017119,72.718,82.6911,NA,100,79,100,NA,70,1,90,1,90,"Yes"
"Iceland",2016,"ISL",1.38808149583838,58720,1.74,21.0323876610713,72.936,82.6911,NA,100,79,100,NA,70,1,90,1,90,"Yes"
"Iceland",2017,"ISL",2.34558267643862,62450,1.71,21.1116323318588,72.526,82.6911,NA,100,79,100,NA,70,1,90,1,90,"Yes"
"Iceland",2018,"ISL",2.67814276922904,72600,1.71,21.1709299261262,71.531,82.6911,NA,100,79,100,NA,70,1,90,1,90,"Yes"
"Iceland",2019,"ISL",2.19893225826166,75160,1.74,21.3971787497354,71.381,82.6911,NA,100,79,100,NA,70,1,90,1,90,"Yes"
"Iceland",2020,"ISL",1.6230862512591,65870,1.72,21.8330197169271,69.293,82.6911,NA,100,79,100,NA,70,1,90,1,90,"Yes"
"Iceland",2021,"ISL",1.6393166402584,66940,1.82,22.3564503499439,69.148,82.6911,NA,100,79,100,NA,70,1,120,1,120,"Yes"
"Iceland",2022,"ISL",2.51377343254216,73620,1.589,22.7194546449249,70.57,82.6911,NA,100,79,100,NA,70,1,180,1,180,"Yes"
"Iceland",2023,"ISL",2.92687965279829,80760,1.59,23.0468824560131,70.368,82.6911,NA,100,79,100,NA,70,1,180,1,180,"Yes"
"U.S.",2015,"USA",0.797904713382564,56040,1.8435,21.5197559000692,55.938,79.3043,19.1,NA,95,97,15,57,0,0,0,0,"No"
"U.S.",2016,"USA",0.785625485688815,56990,1.8205,22.0373346516862,56.095,79.3043,19.1,NA,95,97,15,57,0,0,0,0,"No"
"U.S.",2017,"USA",0.692906252591617,59060,1.7655,22.5932962845748,56.395,79.3043,19.1,NA,95,97,15,57,0,0,0,0,"No"
"U.S.",2018,"USA",0.586433075122573,63230,1.7295,23.1963174833129,56.471,79.3043,19.1,NA,95,97,15,57,0,0,0,0,"No"
"U.S.",2019,"USA",0.515108555014533,66010,1.706,23.8484503417279,56.868,79.3043,19.1,NA,95,97,15,57,0,0,1,0,"Yes"
"U.S.",2020,"USA",0.408427566758519,64940,1.6415,24.5240791836459,55.704,79.3043,19.1,NA,95,97,15,57,0,0,1,0,"Yes"
"U.S.",2021,"USA",0.157317408951545,71490,1.664,25.1969129173767,55.632,79.3043,19.1,NA,95,97,15,57,0,0,1,0,"Yes"
"U.S.",2022,"USA",0.575744520494521,77060,1.6565,25.9509134829008,56.03,79.3043,19.1,NA,95,97,15,57,0,0,1,0,"Yes"
"U.S.",2023,"USA",0.83149318773707,80710,1.6165,26.8291040414794,56.602,79.3043,19.1,NA,95,97,15,57,0,0,1,0,"Yes"
"Qatar",2015,"QAT",8.58173306173289,80370,1.976,1.23629937131282,55.988,82.368,60.1,NA,75,NA,8,57,0,50,0,0,"No"
"Qatar",2016,"QAT",5.49972976958708,69170,1.856,1.27473901889581,56.79,82.368,60.1,NA,75,NA,8,57,0,50,0,0,"No"
"Qatar",2017,"QAT",2.73590293320866,60920,1.834,1.31841859894322,57.571,82.368,60.1,NA,75,NA,8,57,0,50,0,0,"No"
"Qatar",2018,"QAT",1.3621056096195,63410,1.756,1.34779205546161,58.369,82.368,60.1,NA,75,NA,8,57,0,50,0,0,"No"
"Qatar",2019,"QAT",2.21962210028933,65700,1.731,1.39086324092541,59.083,82.368,60.1,NA,75,NA,8,57,0,50,0,0,"No"
"Qatar",2020,"QAT",5.72571544841687,57730,1.675,1.49682254739773,59.452,82.368,60.1,NA,75,NA,8,57,0,50,0,0,"No"
"Qatar",2021,"QAT",-10.9274424335586,66970,1.605,1.56804512144536,60.582,82.368,60.1,NA,75,NA,8,57,0,50,0,0,"No"
"Qatar",2022,"QAT",5.90701824957099,71070,1.739,1.66876130835654,63.54,82.368,60.1,NA,75,NA,8,57,0,50,0,0,"No"
"Qatar",2023,"QAT",-0.0489708509014485,79430,1.729,1.88799451620225,63.257,82.368,60.1,NA,75,NA,8,57,0,50,0,0,"No"
"Ireland",2015,"IRL",0.944845307474728,52400,1.85,19.9937661279546,54.809,82.4118,14.3,100,81,100,NA,60,1,182,0,0,"No"
"Ireland",2016,"IRL",1.28405485082411,52940,1.81,20.4600912612172,55.533,82.4118,14.3,100,81,100,NA,60,1,182,0,0,"No"
"Ireland",2017,"IRL",1.34979886553997,54450,1.77,20.910234042169,55.589,82.4118,14.3,100,81,100,NA,60,1,182,0,0,"No"
"Ireland",2018,"IRL",1.45141079540844,59120,1.75,21.3530080731835,55.999,82.4118,14.3,100,81,100,NA,60,1,182,1,14,"No"
"Ireland",2019,"IRL",1.58865409604595,62520,1.71,21.798268341024,56.207,82.4118,14.3,100,81,100,NA,60,1,182,1,14,"No"
"Ireland",2020,"IRL",1.26378913010119,64550,1.63,22.2878772740152,55.055,82.4118,14.3,100,81,100,NA,60,1,182,1,14,"No"
"Ireland",2021,"IRL",1.39579966615221,74270,1.78,22.7326358963056,57.97,82.4118,14.3,100,81,100,NA,60,1,182,1,14,"Yes"
"Ireland",2022,"IRL",1.98101664069715,76660,1.54,23.1896759383277,59.228,82.4118,14.3,100,81,100,NA,60,1,182,1,14,"Yes"
"Ireland",2023,"IRL",1.80157102010543,78980,1.5,23.7491074924569,59.968,82.4118,14.3,100,81,100,NA,60,1,182,1,14,"Yes"
"Denmark",2015,"DNK",0.706423849687002,60350,1.71,29.0522368255997,56.837,81.9328,15.2,100,77,100,NA,60,1,126,1,14,"Yes"
"Denmark",2016,"DNK",0.780392644135167,57830,1.79,29.4676533467749,57.677,81.9328,15.2,100,77,100,NA,60,1,126,1,14,"Yes"
"Denmark",2017,"DNK",0.643350903737356,56600,1.75,29.9032046622709,57.74,81.9328,15.2,100,77,100,NA,60,1,126,1,14,"Yes"
"Denmark",2018,"DNK",0.495838925879129,61090,1.73,30.3719939261675,57.649,81.9328,15.2,100,77,100,NA,60,1,126,1,14,"Yes"
"Denmark",2019,"DNK",0.358130915892652,63020,1.7,30.8727053737307,58.06,81.9328,15.2,100,77,100,NA,60,1,126,1,14,"Yes"
"Denmark",2020,"DNK",0.291641177476633,62710,1.68,31.4020237570544,57.85,81.9328,15.2,100,77,100,NA,60,1,126,1,14,"Yes"
"Denmark",2021,"DNK",0.433414489409722,70310,1.72,31.8477329673783,58.216,81.9328,15.2,100,77,100,NA,60,1,126,1,14,"Yes"
"Denmark",2022,"DNK",0.787502464739957,73320,1.55,32.0953129222584,59.551,81.9328,15.2,100,77,100,NA,60,1,126,1,14,"Yes"
"Denmark",2023,"DNK",0.741185515720057,73340,1.5,32.4244515147016,59.812,81.9328,15.2,100,77,100,NA,60,1,42,1,14,"Yes"
"Singapore",2015,"SGP",1.18637693749822,53160,1.24,11.4891426032608,61.305,83.7362,45,89.3,81,97,NA,62,1,98,1,7,"Yes"
"Singapore",2016,"SGP",1.29743609938602,53470,1.2,12.107956919257,61.313,83.7362,45,89.3,81,97,NA,62,1,98,1,7,"Yes"
"Singapore",2017,"SGP",0.0885954699924263,55230,1.16,12.8383872844393,60.807,83.7362,45,89.3,81,97,NA,62,1,98,1,7,"Yes"
"Singapore",2018,"SGP",0.469704298714121,56360,1.14,13.5821491189877,60.889,83.7362,45,89.3,81,97,NA,62,1,91,1,14,"Yes"
"Singapore",2019,"SGP",1.14428330688929,58430,1.14,14.2882283779185,61.822,83.7362,45,89.3,81,97,NA,62,1,84,1,14,"Yes"
"Singapore",2020,"SGP",-0.311904961250833,55780,1.1,15.1952679757198,61.72,83.7362,45,89.3,81,97,NA,62,1,84,1,14,"Yes"
"Singapore",2021,"SGP",-4.17033630017526,65010,1.12,16.2203521552397,64.409,83.7362,45,89.3,81,97,NA,62,1,84,1,14,"Yes"
"Singapore",2022,"SGP",3.30862052439523,66910,1.04,16.8529336310715,62.921,83.7362,45,89.3,81,97,NA,62,1,84,1,14,"Yes"
"Singapore",2023,"SGP",4.85831607781442,69850,0.97,17.4332629423088,61.973,83.7362,45,89.3,81,97,NA,62,1,84,1,14,"Yes"
"Australia",2015,"AUS",1.43921665259925,60520,1.814,22.5076119973565,59.151,83.9228,15.4,100,81,100,17,63,1,0,1,14,"Yes"
"Australia",2016,"AUS",1.56194049810399,54100,1.752,22.9691602900349,59.381,83.9228,15.4,100,81,100,17,63,1,0,1,14,"Yes"
"Australia",2017,"AUS",1.64682779735017,51480,1.741,23.3956977573784,59.877,83.9228,15.4,100,81,100,17,63,1,0,1,14,"Yes"
"Australia",2018,"AUS",1.49599671041328,53080,1.74,23.8439530509551,60.523,83.9228,15.4,100,81,100,17,63,1,0,1,14,"Yes"
"Australia",2019,"AUS",1.47749071058438,54890,1.657,24.383152985158,60.959,83.9228,15.4,100,81,100,17,63,1,0,1,14,"Yes"
"Australia",2020,"AUS",1.23342825131378,53630,1.581,25.0972747499351,60.205,83.9228,15.4,100,81,100,17,63,1,0,1,14,"Yes"
"Australia",2021,"AUS",0.14089508329287,57180,1.7,25.8365969160502,61.273,83.9228,15.4,100,81,100,17,63,1,0,1,14,"Yes"
"Australia",2022,"AUS",1.27269881377618,60710,1.63,26.3953997265958,62.314,83.9228,15.4,100,81,100,17,63,1,0,1,14,"Yes"
"Australia",2023,"AUS",2.42431553908742,63160,1.5,26.9162152867337,62.374,83.9228,15.4,100,81,100,17,63,1,0,1,14,"Yes"
"Netherlands (Kingdom of the)",2015,"NLD",0.443220089035769,49650,1.66,27.0660399064305,60.761,82.1576,9.5,100,72,99,NA,64,1,112,1,2,"No"
"Netherlands (Kingdom of the)",2016,"NLD",0.532178879608489,46950,1.66,27.6296531011589,60.803,82.1576,9.5,100,72,99,NA,64,1,112,1,2,"No"
"Netherlands (Kingdom of the)",2017,"NLD",0.591203366164118,46670,1.62,28.1800289156454,60.858,82.1576,9.5,100,72,99,NA,64,1,112,1,2,"No"
"Netherlands (Kingdom of the)",2018,"NLD",0.583933408920832,51220,1.59,28.7377137071412,61.092,82.1576,9.5,100,72,99,NA,64,1,112,1,2,"No"
"Netherlands (Kingdom of the)",2019,"NLD",0.65507157480522,52910,1.57,29.2669350875926,61.594,82.1576,9.5,100,72,99,NA,64,1,112,1,2,"No"
"Netherlands (Kingdom of the)",2020,"NLD",0.55554079025497,51360,1.54,29.7959991452303,61.7,82.1576,9.5,100,72,99,NA,64,1,112,1,7,"No"
"Netherlands (Kingdom of the)",2021,"NLD",0.523490508168757,59330,1.62,30.318339068697,61.804,82.1576,9.5,100,72,99,NA,64,1,112,1,42,"No"
"Netherlands (Kingdom of the)",2022,"NLD",0.953278922854537,61900,1.49,30.7366593892216,62.443,82.1576,9.5,100,72,99,NA,64,1,112,1,42,"No"
"Netherlands (Kingdom of the)",2023,"NLD",0.990139686700227,62540,1.43,31.1676857399967,62.937,82.1576,9.5,100,72,99,NA,64,1,112,1,42,"Yes"
"Sweden",2015,"SWE",1.05745468551674,57910,1.85,31.2879485730226,60.582,83.2624,8.8,100,85,100,NA,64,1,0,1,14,"Yes"
"Sweden",2016,"SWE",1.25645398510305,53980,1.85,31.5367498330485,60.713,83.2624,8.8,100,85,100,NA,64,1,0,1,14,"Yes"
"Sweden",2017,"SWE",1.34744505956262,52330,1.78,31.6718061292206,61.06,83.2624,8.8,100,85,100,NA,64,1,0,1,14,"Yes"
"Sweden",2018,"SWE",1.16164515996039,55090,1.76,31.8428077110083,61.283,83.2624,8.8,100,85,100,NA,64,1,0,1,14,"Yes"
"Sweden",2019,"SWE",1.01372226345511,56230,1.71,32.0375957516213,61.346,83.2624,8.8,100,85,100,NA,64,1,0,1,14,"Yes"
"Sweden",2020,"SWE",0.722703912882934,54680,1.67,32.2486474551443,60.624,83.2624,8.8,100,85,100,NA,64,1,0,1,14,"Yes"
"Sweden",2021,"SWE",0.600591532839468,60330,1.67,32.4952203120634,60.928,83.2624,8.8,100,85,100,NA,64,1,0,1,14,"Yes"
"Sweden",2022,"SWE",0.68058286829853,62480,1.53,32.7201622048024,61.217,83.2624,8.8,100,85,100,NA,64,1,0,1,14,"Yes"
"Sweden",2023,"SWE",0.472717863265105,60910,1.45,33.0094345926113,61.763,83.2624,8.8,100,85,100,NA,64,1,0,1,14,"Yes"
"Austria",2015,"AUT",1.12099250236958,47190,1.49,27.4580985301057,54.827,81.9559,9.8,100,77,100,16,57,1,112,0,0,"Yes"
"Austria",2016,"AUT",1.08139629872802,45980,1.53,27.5567053741573,55.349,81.9559,9.8,100,77,100,16,57,1,112,0,0,"Yes"
"Austria",2017,"AUT",0.694621103604983,44800,1.52,27.7872565537207,55.352,81.9559,9.8,100,77,100,16,57,1,112,0,0,"Yes"
"Austria",2018,"AUT",0.487071924768999,48710,1.47,28.0845637081627,55.426,81.9559,9.8,100,77,100,16,57,1,112,0,0,"Yes"
"Austria",2019,"AUT",0.444673639004876,50900,1.46,28.4231538747662,55.514,81.9559,9.8,100,77,100,16,57,1,112,0,0,"Yes"
"Austria",2020,"AUT",0.415176731565556,49000,1.44,28.8540609192752,55.224,81.9559,9.8,100,77,100,16,57,1,112,0,0,"Yes"
"Austria",2021,"AUT",0.435671684056384,53400,1.48,29.4105369475508,55.35,81.9559,9.8,100,77,100,16,57,1,112,1,30,"Yes"
"Austria",2022,"AUT",0.956287797076634,56320,1.41,30.0463466946349,55.688,81.9559,9.8,100,77,100,16,57,1,112,1,30,"Yes"
"Austria",2023,"AUT",0.989464653969154,55220,1.32,30.7690996579744,55.812,81.9559,9.8,100,77,100,16,57,1,112,1,30,"Yes"
"Belgium",2015,"BEL",0.579446241677791,45520,1.7,28.0118130969984,48.045,82.115,7.4,100,74,99,16,51,1,105,1,14,"Yes"
"Belgium",2016,"BEL",0.506300002451376,43240,1.68,28.3891844174902,47.81,82.115,7.4,100,74,99,16,51,1,105,1,14,"Yes"
"Belgium",2017,"BEL",0.385228018372369,42310,1.65,28.8394533978878,47.974,82.115,7.4,100,74,99,16,51,1,105,1,14,"Yes"
"Belgium",2018,"BEL",0.455184695275022,45980,1.62,29.2765038481693,48.77,82.115,7.4,100,74,99,16,51,1,105,1,14,"Yes"
"Belgium",2019,"BEL",0.540461327098122,48070,1.6,29.6972645744296,49.097,82.115,7.4,100,74,99,16,51,1,105,1,14,"Yes"
"Belgium",2020,"BEL",0.430996815099722,46330,1.55,30.0489982917654,48.66,82.115,7.4,100,74,99,16,51,1,105,1,14,"Yes"
"Belgium",2021,"BEL",0.411601996532257,51130,1.6,30.4579943766813,49.367,82.115,7.4,100,74,99,16,51,1,105,1,14,"Yes"
"Belgium",2022,"BEL",0.808165350001861,54410,1.53,31.0301816008501,50.029,82.115,7.4,100,74,99,16,51,1,105,1,21,"Yes"
"Belgium",2023,"BEL",0.913715890414841,55020,1.47,31.6929138324644,49.831,82.115,7.4,100,74,99,16,51,1,105,1,21,"Yes"
"Germany",2015,"DEU",0.865702643950251,46590,1.5,32.0268681402872,54.441,81.3777,12.4,100,78,100,16,56,1,98,1,0,"Yes"
"Germany",2016,"DEU",0.807218538573871,45360,1.6,32.2482094758743,54.808,81.3777,12.4,100,78,100,16,56,1,98,1,0,"Yes"
"Germany",2017,"DEU",0.373724559895838,44700,1.57,32.6342617227857,55.138,81.3777,12.4,100,78,100,16,56,1,98,1,0,"Yes"
"Germany",2018,"DEU",0.300526701992065,48730,1.57,33.0059176113602,55.211,81.3777,12.4,100,78,100,16,56,1,98,1,0,"Yes"
"Germany",2019,"DEU",0.22551987421288,50310,1.54,33.4240838892073,55.709,81.3777,12.4,100,78,100,16,56,1,98,1,0,"Yes"
"Germany",2020,"DEU",0.0816931586494595,48510,1.53,33.9237851682177,55.113,81.3777,12.4,100,78,100,16,56,1,98,1,0,"Yes"
"Germany",2021,"DEU",0.0423270572552137,52750,1.58,34.5810372816215,55.019,81.3777,12.4,100,78,100,16,56,1,98,1,0,"Yes"
"Germany",2022,"DEU",0.720875455989295,54730,1.455,35.2968943623634,55.595,81.3777,12.4,100,78,100,16,56,1,98,1,0,"Yes"
"Germany",2023,"DEU",0.123957150064395,54960,1.39,36.0064221197744,55.848,81.3777,12.4,100,78,100,16,56,1,98,1,0,"Yes"
"Canada",2015,"CAN",0.760300145238936,47580,1.6,23.628805646746,60.969,82.6302,17.5,100,90,100,16,60,1,105,0,0,"Yes"
"Canada",2016,"CAN",1.13153974027004,43900,1.59,24.3182237048516,60.879,82.6302,17.5,100,90,100,16,60,1,105,0,0,"Yes"
"Canada",2017,"CAN",1.19543575451553,42900,1.55,24.9861815767739,61.072,82.6302,17.5,100,90,100,16,60,1,105,0,0,"Yes"
"Canada",2018,"CAN",1.43322615679352,45060,1.51,25.64886923064,60.965,82.6302,17.5,100,90,100,16,60,1,105,0,0,"Yes"
"Canada",2019,"CAN",1.46171259938134,46580,1.47,26.3697715591015,61.253,82.6302,17.5,100,90,100,16,60,1,105,0,0,"Yes"
"Canada",2020,"CAN",1.08436897113225,43900,1.41,27.1936414105089,59.379,82.6302,17.5,100,90,100,16,60,1,105,1,0,"Yes"
"Canada",2021,"CAN",0.553902422386893,49080,1.44,28.0993647538034,60.635,82.6302,17.5,100,90,100,16,60,1,105,1,0,"Yes"
"Canada",2022,"CAN",1.80390457488184,53850,1.33,28.9121642638266,61.049,82.6302,17.5,100,90,100,16,60,1,105,1,0,"Yes"
"Canada",2023,"CAN",2.90468017061162,54660,1.26,29.6279601722539,61.134,82.6302,17.5,100,90,100,16,60,1,105,1,0,"Yes"
"Israel",2015,"ISR",1.98128897562083,36980,3.09,18.1395767350235,60.114,82.408,31.6,100,85,92,NA,58,1,98,0,0,"No"
"Israel",2016,"ISR",1.9603489624817,37310,3.11,18.6179522204504,60.412,82.408,31.6,100,85,92,NA,58,1,98,0,0,"No"
"Israel",2017,"ISR",1.93872567441099,38700,3.11,19.0719041983318,60.282,82.408,31.6,100,85,92,NA,58,1,98,0,0,"No"
"Israel",2018,"ISR",1.92662286520241,42060,3.09,19.4711556474056,60.857,82.408,31.6,100,85,92,NA,58,1,105,0,0,"No"
"Israel",2019,"ISR",1.90898263957994,44280,3.01,19.8124532127233,60.618,82.408,31.6,100,85,92,NA,58,1,105,0,0,"No"
"Israel",2020,"ISR",1.76367939210866,43370,2.9,20.1174168793692,59.403,82.408,31.6,100,85,92,NA,58,1,105,0,0,"No"
"Israel",2021,"ISR",1.68190551747412,49680,3,20.3780790923791,59.696,82.408,31.6,100,85,92,NA,58,1,105,0,0,"No"
"Israel",2022,"ISR",1.96636884788361,55450,2.89,20.5415495129112,61.109,82.408,31.6,100,85,92,NA,58,1,105,0,0,"No"
"Israel",2023,"ISR",3.00437405991345,54280,2.85,20.7033101139389,61.825,82.408,31.6,100,85,92,NA,58,1,105,0,0,"No"
"Finland",2015,"FIN",0.329383885818507,46860,1.65,31.8584462878774,55.407,81.9102,12.1,100,83,99,14,59,1,147,1,76,"Yes"
"Finland",2016,"FIN",0.287421401687637,45160,1.57,32.8167500146524,54.982,81.9102,12.1,100,83,99,14,59,1,147,1,76,"Yes"
"Finland",2017,"FIN",0.234670531705453,44520,1.49,33.7493447906474,55.028,81.9102,12.1,100,83,99,14,59,1,147,1,76,"Yes"
"Finland",2018,"FIN",0.132641040791912,47900,1.41,34.6872492375658,55.688,81.9102,12.1,100,83,99,14,59,1,147,1,76,"Yes"
"Finland",2019,"FIN",0.110191690491055,49590,1.35,35.5470495181139,55.678,81.9102,12.1,100,83,99,14,59,1,147,1,76,"Yes"
"Finland",2020,"FIN",0.143641197212847,49630,1.37,36.3638702840905,55.175,81.9102,12.1,100,83,99,14,59,1,147,1,76,"Yes"
"Finland",2021,"FIN",0.207288594407348,52810,1.46,37.0920910316799,55.927,81.9102,12.1,100,83,99,14,59,1,147,1,76,"Yes"
"Finland",2022,"FIN",0.271944526506117,54120,1.32,37.7394987249251,57.267,81.9102,12.1,100,83,99,14,59,1,147,1,76,"Yes"
"Finland",2023,"FIN",0.499192375381062,53120,1.26,38.3460525556987,57.489,81.9102,12.1,100,83,99,14,59,1,56,1,0,"Yes"
"UAE",2015,"ARE",5.38380162241984,48510,1.417,1.84245439827462,48.192,82.9091,NA,NA,72,87,NA,52,0,45,0,0,"No"
"UAE",2016,"ARE",4.93046894788046,44750,1.366,1.81781346515606,49.233,82.9091,NA,NA,72,87,NA,52,0,45,0,0,"No"
"UAE",2017,"ARE",3.17379785893425,41390,1.35,1.80887229441966,50.926,82.9091,NA,NA,72,87,NA,52,0,45,0,0,"No"
"UAE",2018,"ARE",1.32986873264335,43370,1.288,1.83531134154989,51.312,82.9091,NA,NA,72,87,NA,52,0,45,0,0,"No"
"UAE",2019,"ARE",1.0545163442516,45070,1.247,1.86744698747682,54.382,82.9091,NA,NA,72,87,NA,52,0,45,0,0,"No"
"UAE",2020,"ARE",-0.474850154644905,41100,1.289,1.91077828079465,58.18,82.9091,NA,NA,72,87,NA,52,0,45,0,0,"No"
"UAE",2021,"ARE",1.83513009029147,42640,1.162,1.97775163351003,50.452,82.9091,NA,NA,72,87,NA,52,0,45,1,0,"Yes"
"UAE",2022,"ARE",5.08834153373914,46070,1.148,2.00249458778694,53.057,82.9091,NA,NA,72,87,NA,52,0,45,1,0,"Yes"
"UAE",2023,"ARE",3.97717097504667,49020,1.2,2.06871808394946,53.475,82.9091,NA,NA,72,87,NA,52,0,60,1,0,"Yes"
"New Zealand",2015,"NZL",2.0360339086492,40670,1.99,22.19947581423,62.855,82.088,14,100,75,99,NA,65,1,98,0,0,"No"
"New Zealand",2016,"NZL",2.24603210015584,39460,1.87,22.4064082834941,64.048,82.088,14,100,75,99,NA,65,1,98,0,0,"No"
"New Zealand",2017,"NZL",2.08872272281936,38840,1.81,22.6385427078457,64.928,82.088,14,100,75,99,NA,65,1,0,0,0,"No"
"New Zealand",2018,"NZL",1.79124016759035,41660,1.71,22.9438718100433,65.221,82.088,14,100,75,99,NA,65,1,0,0,0,"Yes"
"New Zealand",2019,"NZL",1.59115889619722,43050,1.72,23.3497385674397,65.314,82.088,14,100,75,99,NA,65,1,0,0,0,"Yes"
"New Zealand",2020,"NZL",2.20478869594563,41710,1.61,23.8994183292415,64.693,82.088,14,100,75,99,NA,65,1,0,0,0,"Yes"
"New Zealand",2021,"NZL",0.413665247040229,45560,1.64,24.6518873584196,65.596,82.088,14,100,75,99,NA,65,1,0,0,0,"Yes"
"New Zealand",2022,"NZL",0.11340973410607,48820,1.66,25.3358991017202,66.374,82.088,14,100,75,99,NA,65,1,0,0,0,"Yes"
"New Zealand",2023,"NZL",2.46873695154606,48600,1.56,25.9130746788386,66.932,82.088,14,100,75,99,NA,65,1,0,0,0,"Yes"
"United Kingdom",2015,"GBR",0.721624002974263,44400,1.8,27.6148274119397,56.703,81.3015,12,100,81,NA,NA,58,1,273,1,14,"No"
"United Kingdom",2016,"GBR",0.79421971482011,42960,1.79,27.9357658270104,57.05,81.3015,12,100,81,NA,NA,58,1,42,1,14,"Yes"
"United Kingdom",2017,"GBR",0.545706020084833,41720,1.74,28.2812702483576,57.248,81.3015,12,100,81,NA,NA,58,1,42,1,14,"Yes"
"United Kingdom",2018,"GBR",0.488451313281444,42130,1.68,28.6623391144953,57.514,81.3015,12,100,81,NA,NA,58,1,42,1,14,"Yes"
"United Kingdom",2019,"GBR",0.514596380840432,43370,1.632,29.0585518127533,58.009,81.3015,12,100,81,NA,NA,58,1,42,1,14,"Yes"
"United Kingdom",2020,"GBR",0.169447088341033,38950,1.571,29.3337816380253,58.246,81.3015,12,100,81,NA,NA,58,1,42,1,14,"Yes"
"United Kingdom",2021,"GBR",0.358937930235741,45580,1.583,29.5030172797067,58,81.3015,12,100,81,NA,NA,58,1,42,1,14,"Yes"
"United Kingdom",2022,"GBR",0.921336799385098,49080,1.56,29.8395129838191,57.703,81.3015,12,100,81,NA,NA,58,1,42,1,14,"Yes"
"United Kingdom",2023,"GBR",1.30497972307431,48560,1.56,30.3666928153824,57.365,81.3015,12,100,81,NA,NA,58,1,42,1,14,"Yes"
"France",2015,"FRA",0.355569240058298,41130,1.96,29.9691649530843,50.956,83.3253,10.1,100,72,100,NA,53,1,112,1,15,"No"
"France",2016,"FRA",0.263868788565368,39020,1.92,30.7903475113013,50.83,83.3253,10.1,100,72,100,NA,53,1,112,1,15,"No"
"France",2017,"FRA",0.29020211635109,38120,1.89,31.5247668711496,50.626,83.3253,10.1,100,72,100,NA,53,1,112,1,15,"No"
"France",2018,"FRA",0.358494581816163,40960,1.87,32.2283943292714,50.813,83.3253,10.1,100,72,100,NA,53,1,112,1,15,"Yes"
"France",2019,"FRA",0.332559129027963,42720,1.86,32.9295024945655,50.615,83.3253,10.1,100,72,100,NA,53,1,112,1,11,"Yes"
"France",2020,"FRA",0.324557781035362,39690,1.83,33.5646318689425,50.05,83.3253,10.1,100,72,100,NA,53,1,112,1,11,"Yes"
"France",2021,"FRA",0.356902332389048,44300,1.84,34.1156814854036,51.59,83.3253,10.1,100,72,100,NA,53,1,112,1,11,"Yes"
"France",2022,"FRA",0.326992498564887,45910,1.79,34.708428013942,51.871,83.3253,10.1,100,72,100,NA,53,1,112,1,25,"Yes"
"France",2023,"FRA",0.326319200823468,45440,1.66,35.3839758623752,51.826,83.3253,10.1,100,72,100,NA,53,1,112,1,25,"Yes"
"Kuwait",2015,"KWT",4.49910219971801,41830,2.03,3.17860585253017,49.648,80.4047,NA,NA,39,73,NA,50,0,70,0,0,"No"
"Kuwait",2016,"KWT",4.32594906785888,34920,2.061,3.48298367007297,49.532,80.4047,NA,NA,39,73,NA,50,0,70,0,0,"No"
"Kuwait",2017,"KWT",3.69493434034851,30650,2.16,3.85359144128218,49.588,80.4047,NA,NA,39,73,NA,50,0,70,0,0,"No"
"Kuwait",2018,"KWT",3.9801548230671,32340,2.118,4.28542787653704,49.386,80.4047,NA,NA,39,73,NA,50,0,70,0,0,"No"
"Kuwait",2019,"KWT",2.71071332448015,35680,2.082,4.76550252945172,49.28,80.4047,NA,NA,39,73,NA,50,0,70,0,0,"No"
"Kuwait",2020,"KWT",-0.951064116715736,33150,2.033,5.30055713942474,46.126,80.4047,NA,NA,39,73,NA,50,0,70,0,0,"No"
"Kuwait",2021,"KWT",-0.899478872255975,35990,2.148,4.4756090906856,47.133,80.4047,NA,NA,39,73,NA,50,0,70,0,0,"No"
"Kuwait",2022,"KWT",5.11318110910574,39120,1.546,3.51955792355631,49.839,80.4047,NA,NA,39,73,NA,50,0,70,0,0,"No"
"Kuwait",2023,"KWT",5.58813678140227,42030,1.524,3.7641480591169,48.865,80.4047,NA,NA,39,73,NA,50,0,70,0,0,"No"
"Japan",2015,"JPN",-0.106124993746747,39380,1.45,44.6983766959767,49.409,84.7123,32.9,NA,84,99,15,54,1,98,1,0,"Yes"
"Japan",2016,"JPN",-0.0511374152133631,38460,1.44,46.0338925686738,50.208,84.7123,32.9,NA,84,99,15,54,1,98,1,0,"Yes"
"Japan",2017,"JPN",-0.081874296046114,38930,1.43,47.089336376634,51.031,84.7123,32.9,NA,84,99,15,54,1,98,1,0,"Yes"
"Japan",2018,"JPN",-0.126880068088791,41800,1.42,47.9099218851132,52.368,84.7123,32.9,NA,84,99,15,54,1,98,1,0,"Yes"
"Japan",2019,"JPN",-0.140464977878172,41970,1.36,48.5194993042234,53.24,84.7123,32.9,NA,84,99,15,54,1,98,1,0,"Yes"
"Japan",2020,"JPN",-0.294194617750067,40930,1.33,49.1295400037183,53.09,84.7123,32.9,NA,84,99,15,54,1,98,1,0,"Yes"
"Japan",2021,"JPN",-0.459952415807642,43710,1.3,49.7439803746351,53.515,84.7123,32.9,NA,84,99,15,54,1,98,1,0,"Yes"
"Japan",2022,"JPN",-0.443851919148528,42640,1.26,50.0569286100223,54.167,84.7123,32.9,NA,84,99,15,54,1,98,1,0,"Yes"
"Japan",2023,"JPN",-0.487370782049143,39360,1.2,50.2846808708749,54.847,84.7123,32.9,NA,84,99,15,54,1,98,1,28,"Yes"
"Italy",2015,"ITA",-0.151143561276007,33460,1.36,34.2778491987872,39.391,83.7157,9.2,100,53,97,20,42,1,150,1,1,"Yes"
"Italy",2016,"ITA",-0.190090486385849,32400,1.36,34.7850585973695,40.069,83.7157,9.2,100,53,97,20,42,1,150,1,1,"Yes"
"Italy",2017,"ITA",-0.188100912559894,31790,1.34,35.2208453809116,40.579,83.7157,9.2,100,53,97,20,42,1,150,1,2,"Yes"
"Italy",2018,"ITA",0.243703643127712,34120,1.31,35.6479156493325,40.735,83.7157,9.2,100,53,97,20,42,1,150,1,4,"Yes"
"Italy",2019,"ITA",-0.700011055973408,35030,1.27,36.1726489982207,40.885,83.7157,9.2,100,53,97,20,42,1,150,1,4,"Yes"
"Italy",2020,"ITA",-0.487095091717782,32600,1.24,36.6475591282456,39.512,83.7157,9.2,100,53,97,20,42,1,150,1,7,"Yes"
"Italy",2021,"ITA",-0.515599998844444,36760,1.25,37.1323464529951,39.884,83.7157,9.2,100,53,97,20,42,1,150,1,9,"Yes"
"Italy",2022,"ITA",-0.20230086688254,39060,1.24,37.576636464576,40.517,83.7157,9.2,100,53,97,20,42,1,150,1,14,"Yes"
"Italy",2023,"ITA",-0.0342216578672275,38610,1.2,38.0578382634132,41.313,83.7157,9.2,100,53,97,20,42,1,150,1,14,"Yes"
"Saudi Arabia",2015,"SAU",5.18685551856216,26580,2.63,3.06466881460996,21.635,78.7321,59.2,NA,59,63,NA,22,0,70,1,1,"No"
"Saudi Arabia",2016,"SAU",3.74506540506437,23940,2.65,3.03777393943045,22.866,78.7321,59.2,NA,59,63,NA,22,0,70,1,1,"No"
"Saudi Arabia",2017,"SAU",0.0747825622238132,23130,2.67,3.14281679377222,19.857,78.7321,59.2,NA,59,63,NA,22,0,70,1,3,"No"
"Saudi Arabia",2018,"SAU",-2.5537682578428,26570,2.67,3.30857818632274,21.824,78.7321,59.2,NA,59,63,NA,22,0,70,1,3,"No"
"Saudi Arabia",2019,"SAU",-0.439701419074031,29140,2.49,3.4126633949533,24.365,78.7321,59.2,NA,59,63,NA,22,0,70,1,3,"No"
"Saudi Arabia",2020,"SAU",4.833138517103,26940,2.27,3.50424445048,29.308,78.7321,59.2,NA,59,63,NA,22,0,70,1,3,"No"
"Saudi Arabia",2021,"SAU",-2.46456261487283,30480,2.17,3.62806576251194,34.219,78.7321,59.2,NA,59,63,NA,22,0,70,1,3,"No"
"Saudi Arabia",2022,"SAU",4.41891994509507,35110,2.14,3.71973104337477,34.099,78.7321,59.2,NA,59,63,NA,22,0,70,1,3,"No"
"Saudi Arabia",2023,"SAU",4.63821572656175,36330,2.28,3.85794559170086,34.112,78.7321,59.2,NA,59,63,NA,22,0,70,1,3,"No"
"Bahamas",2015,"BHS",0.794122280116855,27620,1.574,14.9015226119233,66.407,74.5518,NA,46.5,82,NA,NA,70,0,84,0,0,"No"
"Bahamas",2016,"BHS",0.700545015838571,27820,1.495,15.0851754892621,66.291,74.5518,NA,46.5,82,NA,NA,70,0,84,0,0,"No"
"Bahamas",2017,"BHS",0.624247409539043,29570,1.424,15.2566684751507,66.502,74.5518,NA,46.5,82,NA,NA,70,0,84,0,0,"No"
"Bahamas",2018,"BHS",0.569969444023085,30650,1.404,15.4334427485697,66.774,74.5518,NA,46.5,82,NA,NA,70,0,84,0,0,"No"
"Bahamas",2019,"BHS",0.497339072752345,31630,1.397,15.6137157727,66.721,74.5518,NA,46.5,82,NA,NA,70,0,84,0,0,"No"
"Bahamas",2020,"BHS",0.300555038290333,25180,1.386,15.7852290478439,62.759,74.5518,NA,46.5,82,NA,NA,70,0,84,0,0,"No"
"Bahamas",2021,"BHS",0.128749531818761,29910,1.382,15.8977826634074,64.517,74.5518,NA,46.5,82,NA,NA,70,0,84,0,0,"No"
"Bahamas",2022,"BHS",0.293483989063331,33790,1.379,16.0750800501684,66.321,74.5518,NA,46.5,82,NA,NA,70,0,84,0,0,"No"
"Bahamas",2023,"BHS",0.477303918283875,35540,1.373,16.3848277928805,66.733,74.5518,NA,46.5,82,NA,NA,70,0,84,0,0,"No"
"South Korea",2015,"KOR",0.527288497407793,28720,1.239,17.6779804083552,52.391,84.3288,19.8,NA,74,99,14,56,1,90,1,3,"Yes"
"South Korea",2016,"KOR",0.396851823381145,29330,1.172,18.2353000731619,52.568,84.3288,19.8,NA,74,99,14,56,1,90,1,3,"Yes"
"South Korea",2017,"KOR",0.280968018301691,30290,1.052,18.9764143023336,53.073,84.3288,19.8,NA,74,99,14,56,1,90,1,3,"Yes"
"South Korea",2018,"KOR",0.433519027613049,32740,0.977,19.8458040524492,53.224,84.3288,19.8,NA,74,99,14,56,1,90,1,3,"Yes"
"South Korea",2019,"KOR",0.347874968577526,33830,0.918,20.7697470386564,53.772,84.3288,19.8,NA,74,99,14,56,1,90,1,3,"Yes"
"South Korea",2020,"KOR",0.137869266247028,33040,0.837,21.955966668736,53.137,84.3288,19.8,NA,74,99,14,56,1,90,1,3,"Yes"
"South Korea",2021,"KOR",-0.128757315474928,35180,0.808,23.2870478873057,53.65,84.3288,19.8,NA,74,99,14,56,1,90,1,10,"Yes"
"South Korea",2022,"KOR",-0.187486566698935,36160,0.778,24.5912480325812,55.03,84.3288,19.8,NA,74,99,14,56,1,90,1,10,"Yes"
"South Korea",2023,"KOR",0.077477253324535,35490,0.721,25.9356983752934,56.038,84.3288,19.8,NA,74,99,14,56,1,90,1,10,"Yes"
"Malta",2015,"MLT",2.44719692467224,25470,1.37,27.1748672365509,43.02,83.2989,19.4,100,55,95,NA,57,1,126,1,1,"No"
"Malta",2016,"MLT",2.28889794467689,23820,1.37,27.7655888767364,44.445,83.2989,19.4,100,55,95,NA,57,1,126,1,1,"No"
"Malta",2017,"MLT",2.73472979835887,26690,1.26,28.0136056156637,46.001,83.2989,19.4,100,55,95,NA,57,1,126,1,1,"No"
"Malta",2018,"MLT",3.53282607673569,29030,1.23,27.7965852448017,48.711,83.2989,19.4,100,55,95,NA,57,1,126,1,1,"No"
"Malta",2019,"MLT",4.05171762437788,29830,1.14,27.3808966815997,50.424,83.2989,19.4,100,55,95,NA,57,1,126,1,1,"No"
"Malta",2020,"MLT",2.2716254974907,28050,1.13,27.1386128470444,52.232,83.2989,19.4,100,55,95,NA,57,1,126,1,1,"No"
"Malta",2021,"MLT",0.51468710034629,32540,1.13,27.6054275424222,53.332,83.2989,19.4,100,55,95,NA,57,1,126,1,1,"No"
"Malta",2022,"MLT",2.47100289980875,33300,1.08,28.5677627376765,55.473,83.2989,19.4,100,55,95,NA,57,1,126,1,1,"No"
"Malta",2023,"MLT",3.99255876861009,34500,1.06,29.5310923190666,55.016,83.2989,19.4,100,55,95,NA,57,1,126,1,14,"Yes"
"Brunei Darussalam",2015,"BRN",1.30210359279592,38180,1.947,5.75223849290106,57.383,75.3266,NA,62.9,68,NA,NA,54,0,91,0,0,"No"
"Brunei Darussalam",2016,"BRN",1.25964272152269,32570,1.915,6.07652954182335,57.411,75.3266,NA,62.9,68,NA,NA,54,0,91,0,0,"No"
"Brunei Darussalam",2017,"BRN",1.2107045656128,29230,1.881,6.44412829057299,57.459,75.3266,NA,62.9,68,NA,NA,54,0,91,0,0,"No"
"Brunei Darussalam",2018,"BRN",1.15739958778106,28790,1.848,6.84449471385708,57.721,75.3266,NA,62.9,68,NA,NA,54,0,91,0,0,"No"
"Brunei Darussalam",2019,"BRN",1.10621350885567,31550,1.819,7.26787865241093,55.057,75.3266,NA,62.9,68,NA,NA,54,0,91,0,0,"No"
"Brunei Darussalam",2020,"BRN",1.06148281648515,30810,1.796,7.7122204070603,54.556,75.3266,NA,62.9,68,NA,NA,54,0,91,0,0,"No"
"Brunei Darussalam",2021,"BRN",0.96027430523198,29890,1.778,8.14309148956244,54.791,75.3266,NA,62.9,68,NA,NA,54,0,91,0,0,"No"
"Brunei Darussalam",2022,"BRN",0.804554269312164,30970,1.764,8.54046142261388,53.701,75.3266,NA,62.9,68,NA,NA,54,0,91,0,0,"No"
"Brunei Darussalam",2023,"BRN",0.782881746925984,34390,1.747,8.98534165225889,53.527,75.3266,NA,62.9,68,NA,NA,54,0,91,0,0,"No"
